{
  "raw_symbols": [
    120,
    44,
    28,
    68,
    32,
    63,
    28,
    64,
    64,
    14,
    71,
    36,
    47,
    94,
    54,
    67,
    108,
    65,
    95,
    96,
    63,
    65,
    111,
    93,
    54,
    91,
    62,
    41,
    29,
    120,
    69,
    44,
    58,
    53,
    0,
    0,
    0,
    0,
    0,
    0,
    0,
    0,
    0,
    0,
    0,
    0,
    0,
    0,
    0,
    0,
    0,
    0,
    0,
    0,
    0,
    0,
    0,
    0,
    0,
    0,
    0,
    0,
    0,
    0
  ],
  "sf": 7,
  "bw": 125000,
  "cr": 2,
  "has_crc": true,
  "status": "decoded",
  "symbol_count": 64,
  "confidence": 1.0,
  "avg_symbol_confidence": 0.10635977262323955,
  "header_symbols_count": 16,
  "header_div4": [
    19,
    0,
    28,
    6,
    29,
    4,
    28,
    5,
    5,
    24,
    6,
    30,
    0,
    12,
    2,
    5
  ],
  "header_gray_symbols": [
    29,
    0,
    23,
    4,
    22,
    7,
    23,
    6,
    6,
    16,
    4,
    20,
    0,
    8,
    3,
    6
  ],
  "header_fields": {
    "payload_len": 8,
    "cr_idx": 1,
    "has_crc": true,
    "nibbles": [
      0,
      0,
      8,
      8,
      3,
      3,
      0,
      6,
      11,
      0
    ],
    "header_bytes": [
      0,
      136,
      51,
      6,
      176
    ],
    "rotation": 7,
    "order": 1,
    "mapping": {
      "which_order": 0,
      "deinterleaver": "alt",
      "col_rev": 0,
      "bit_rev": 1,
      "nib_rev": 0,
      "col_phase": 7
    }
  },
  "payload_bytes": [
    216,
    143,
    165,
    245,
    108,
    234,
    197,
    104
  ],
  "payload_hex": "d88fa5f56ceac568",
  "payload_text": "....l..h",
  "frame_position": 4896,
  "header_position": 4972,
  "sync_info": {
    "method": "sync_bins",
    "confidence": 1.5,
    "sync_expected": {
      "net1": 8,
      "net2": 16,
      "net1s": 52,
      "net2s": 60
    },
    "sync_observed": {
      "k1": 53,
      "k2": 61,
      "mode": "shifted"
    },
    "preamble_bins_preview": [
      62,
      62,
      62,
      62,
      62,
      62
    ],
    "cfo_int_bins": 1,
    "applied_bin_offset": 127
  },
  "refine_info": {
    "method": "refine_header",
    "score": 14007.379227446583,
    "avg_conf": 876.0174034308228,
    "offset_applied": 76,
    "header_syms_preview": [
      120,
      44,
      28,
      68,
      32,
      63,
      28,
      64
    ],
    "header_div4_preview": [
      30,
      11,
      7,
      17,
      8,
      15,
      7,
      16
    ],
    "bin_offset_base": 127,
    "bin_offset_rot": 1,
    "bin_offset": 0,
    "fold_phase": 0,
    "cfo": -0.0078125,
    "invert_bins": false
  },
  "config": {
    "sf": 7,
    "bw": 125000,
    "cr": 2,
    "has_crc": true,
    "impl_head": false,
    "ldro_mode": 2,
    "samp_rate": 500000,
    "sync_words": [
      18
    ]
  },
  "gnuradio_compare": {
    "status": "success",
    "gr_payload_hex": "48454c4c4f5f574f524c44",
    "our_payload_hex": "d88fa5f56ceac568",
    "payload_match": false
  },
  "gnuradio_stages": {
    "status": "success",
    "path": "/home/aquay/lora-lite-phy/stage_dump/tx_sf7_bw125000_cr2_crc1_impl0_ldro2_pay11.gr.json",
    "diff": {
      "raw_symbols_compare": {
        "count_ours": 64,
        "count_gr": 32,
        "compared": 32,
        "mismatch_count": 32,
        "mismatch_indices": [
          0,
          1,
          2,
          3,
          4,
          5,
          6,
          7,
          8,
          9,
          10,
          11,
          12,
          13,
          14,
          15,
          16,
          17,
          18,
          19,
          20,
          21,
          22,
          23,
          24,
          25,
          26,
          27,
          28,
          29,
          30,
          31
        ]
      },
      "header_gray_compare": {
        "ours": [
          29,
          0,
          23,
          4,
          22,
          7,
          23,
          6
        ],
        "gr": [
          19,
          26,
          25,
          26,
          25,
          27,
          26,
          25
        ],
        "match_count": 0
      }
    },
    "ours_post_hamming_bits": {
      "count": 216,
      "preview": [
        1,
        1,
        0,
        1,
        1,
        1,
        1,
        1,
        0,
        0,
        0,
        1,
        0,
        0,
        1,
        1,
        0,
        1,
        0,
        1,
        1,
        0,
        0,
        1,
        1,
        0,
        1,
        0,
        1,
        1,
        0,
        1,
        1,
        0,
        1,
        0,
        1,
        0,
        1,
        0,
        1,
        1,
        1,
        1,
        1,
        0,
        1,
        0,
        0,
        0,
        1,
        1,
        1,
        1,
        1,
        0,
        0,
        1,
        1,
        1,
        0,
        0,
        1,
        0
      ]
    },
    "alt_decode_from_gr_symbols": {
      "header_div4": [
        6,
        3,
        0,
        3,
        0,
        1,
        3,
        0
      ],
      "header_gray": [
        4,
        2,
        0,
        2,
        0,
        1,
        2,
        0
      ],
      "payload_hex": "c183f5fc1eaf2d7beb3391036fd5e528775f0fe24e33d864bc3965bce034aceb1a4cd16edbaf9d37b0fe",
      "payload_match_gr": false
    },
    "force_orientation_from_gr_header": {
      "status": "partial",
      "match_count": 2,
      "invert": false,
      "plus1": false,
      "bin_offset": 113,
      "header_gray": [
        10,
        23,
        16,
        3,
        17,
        1,
        16,
        1
      ],
      "header_gray_match_gr": false,
      "payload_hex": "4564e9bd2c587a2da4ab1c23c5b8f080c6c5609030d72990143f7c92b63b991c69097998040e0d27c79f",
      "payload_len": 42
    },
    "fit_orientation_to_gr_fft": {
      "status": "fitted",
      "header_compare": {
        "compared": 16,
        "match_count": 2
      },
      "orientation": {
        "invert_bins": false,
        "bin_offset": 72
      },
      "header_fields": null,
      "payload_hex": "07d9a9964b2146bc71b9ff",
      "payload_len": 11,
      "payload_match_gr": false
    },
    "fit_header_mapping_to_gr_gray": {
      "match": 0,
      "mapping": {
        "which_order": 0,
        "deinterleaver": "legacy",
        "col_rev": 0,
        "bit_rev": 0,
        "nib_rev": 0,
        "col_phase": 0
      }
    }
  },
  "redecode_to_gr_length": {
    "used_payload_symbols": 56,
    "payload_bytes": [
      3,
      210,
      253,
      149,
      22,
      35,
      110,
      26,
      66,
      65,
      10
    ],
    "payload_hex": "03d2fd9516236e1a42410a"
  },
  "exactL_neighborhood": {
    "invert_bins": false,
    "bin_offset": 126,
    "plus1": false,
    "payload_hex": "4c264045bbf66afbe59eb6",
    "payload_len": 11,
    "match_gr": false
  }
}